category,condition,signed_alpha,target_prop,seed
HYPO,baseline,0.0,0.0871212121212121,1801
HYPO,baseline,0.0,0.0149253731343283,1802
HYPO,baseline,0.0,0.1792452830188679,1803
HYPO,baseline,0.0,0.18,1804
HYPO,baseline,0.0,0.1528662420382165,1805
HYPO,baseline,0.0,0.1630094043887147,1806
HYPO,baseline,0.0,0.0833333333333333,1807
HYPO,baseline,0.0,0.1814345991561181,1808
HYPO,baseline,0.0,0.2042553191489361,1809
HYPO,baseline,0.0,0.19,1810
HYPO,baseline,0.0,0.108433734939759,2801
HYPO,baseline,0.0,0.1129032258064516,2802
HYPO,baseline,0.0,0.1632653061224489,2803
HYPO,baseline,0.0,0.2218045112781954,2804
HYPO,baseline,0.0,0.0934579439252336,2805
HYPO,baseline,0.0,0.2037037037037037,2806
HYPO,baseline,0.0,0.1550802139037433,2807
HYPO,baseline,0.0,0.2051282051282051,2808
HYPO,baseline,0.0,0.0964912280701754,2809
HYPO,baseline,0.0,0.101010101010101,2810
HYPO,baseline,0.0,0.1120331950207468,3801
HYPO,baseline,0.0,0.1538461538461538,3802
HYPO,baseline,0.0,0.1183206106870229,3803
HYPO,baseline,0.0,0.1778656126482213,3804
HYPO,baseline,0.0,0.0946502057613168,3805
HYPO,baseline,0.0,0.1176470588235294,3806
HYPO,baseline,0.0,0.115079365079365,3807
HYPO,baseline,0.0,0.1521739130434782,3808
HYPO,baseline,0.0,0.1372549019607843,3809
HYPO,baseline,0.0,0.211453744493392,3810
HYPO,baseline,0.0,0.1538461538461538,4801
HYPO,baseline,0.0,0.1666666666666666,4802
HYPO,baseline,0.0,0.0138888888888888,4803
HYPO,baseline,0.0,0.1138211382113821,4804
HYPO,baseline,0.0,0.0984126984126984,4805
HYPO,baseline,0.0,0.0851851851851851,4806
HYPO,baseline,0.0,0.1791044776119403,4807
HYPO,baseline,0.0,0.2115942028985507,4808
HYPO,baseline,0.0,0.118942731277533,4809
HYPO,baseline,0.0,0.1474358974358974,4810
HYPO,HYPO_pos_0.5,0.5,0.1267605633802817,1801
HYPO,HYPO_pos_0.5,0.5,0.1673003802281368,1802
HYPO,HYPO_pos_0.5,0.5,0.1635883905013192,1803
HYPO,HYPO_pos_0.5,0.5,0.0988593155893536,1804
HYPO,HYPO_pos_0.5,0.5,0.1363636363636363,1805
HYPO,HYPO_pos_0.5,0.5,0.1397849462365591,1806
HYPO,HYPO_pos_0.5,0.5,0.0828729281767955,1807
HYPO,HYPO_pos_0.5,0.5,0.1518987341772152,1808
HYPO,HYPO_pos_0.5,0.5,0.1428571428571428,1809
HYPO,HYPO_pos_0.5,0.5,0.1741935483870967,1810
HYPO,HYPO_pos_0.5,0.5,0.2699619771863117,2801
HYPO,HYPO_pos_0.5,0.5,0.2063492063492063,2802
HYPO,HYPO_pos_0.5,0.5,0.1453900709219858,2803
HYPO,HYPO_pos_0.5,0.5,0.1329479768786127,2804
HYPO,HYPO_pos_0.5,0.5,0.1959798994974874,2805
HYPO,HYPO_pos_0.5,0.5,0.1708333333333333,2806
HYPO,HYPO_pos_0.5,0.5,0.1666666666666666,2807
HYPO,HYPO_pos_0.5,0.5,0.1656050955414012,2808
HYPO,HYPO_pos_0.5,0.5,0.1232876712328767,2809
HYPO,HYPO_pos_0.5,0.5,0.2181208053691275,2810
HYPO,HYPO_pos_0.5,0.5,0.1186440677966101,3801
HYPO,HYPO_pos_0.5,0.5,0.2816901408450704,3802
HYPO,HYPO_pos_0.5,0.5,0.1616541353383458,3803
HYPO,HYPO_pos_0.5,0.5,0.1619047619047619,3804
HYPO,HYPO_pos_0.5,0.5,0.1557093425605536,3805
HYPO,HYPO_pos_0.5,0.5,0.1326530612244898,3806
HYPO,HYPO_pos_0.5,0.5,0.1274131274131274,3807
HYPO,HYPO_pos_0.5,0.5,0.1535269709543568,3808
HYPO,HYPO_pos_0.5,0.5,0.0881057268722467,3809
HYPO,HYPO_pos_0.5,0.5,0.1306532663316583,3810
HYPO,HYPO_pos_0.5,0.5,0.2203389830508474,4801
HYPO,HYPO_pos_0.5,0.5,0.2162162162162162,4802
HYPO,HYPO_pos_0.5,0.5,0.0,4803
HYPO,HYPO_pos_0.5,0.5,0.2436548223350254,4804
HYPO,HYPO_pos_0.5,0.5,0.1650485436893204,4805
HYPO,HYPO_pos_0.5,0.5,0.1185185185185185,4806
HYPO,HYPO_pos_0.5,0.5,0.1676646706586826,4807
HYPO,HYPO_pos_0.5,0.5,0.290983606557377,4808
HYPO,HYPO_pos_0.5,0.5,0.1285714285714285,4809
HYPO,HYPO_pos_0.5,0.5,0.1401273885350318,4810
HYPO,HYPO_pos_1.0,1.0,0.2157676348547718,1801
HYPO,HYPO_pos_1.0,1.0,0.1755102040816326,1802
HYPO,HYPO_pos_1.0,1.0,0.078125,1803
HYPO,HYPO_pos_1.0,1.0,0.3612334801762114,1804
HYPO,HYPO_pos_1.0,1.0,0.2878048780487804,1805
HYPO,HYPO_pos_1.0,1.0,0.1844262295081967,1806
HYPO,HYPO_pos_1.0,1.0,0.3082706766917293,1807
HYPO,HYPO_pos_1.0,1.0,0.1333333333333333,1808
HYPO,HYPO_pos_1.0,1.0,0.2515723270440251,1809
HYPO,HYPO_pos_1.0,1.0,0.2236286919831223,1810
HYPO,HYPO_pos_1.0,1.0,0.144,2801
HYPO,HYPO_pos_1.0,1.0,0.1812865497076023,2802
HYPO,HYPO_pos_1.0,1.0,0.2056737588652482,2803
HYPO,HYPO_pos_1.0,1.0,0.1326164874551971,2804
HYPO,HYPO_pos_1.0,1.0,0.2266666666666666,2805
HYPO,HYPO_pos_1.0,1.0,0.1478873239436619,2806
HYPO,HYPO_pos_1.0,1.0,0.1197183098591549,2807
HYPO,HYPO_pos_1.0,1.0,0.0996677740863787,2808
HYPO,HYPO_pos_1.0,1.0,0.1811320754716981,2809
HYPO,HYPO_pos_1.0,1.0,0.1504424778761062,2810
HYPO,HYPO_pos_1.0,1.0,0.1132075471698113,3801
HYPO,HYPO_pos_1.0,1.0,0.2986301369863013,3802
HYPO,HYPO_pos_1.0,1.0,0.206266318537859,3803
HYPO,HYPO_pos_1.0,1.0,0.2098765432098765,3804
HYPO,HYPO_pos_1.0,1.0,0.2215189873417721,3805
HYPO,HYPO_pos_1.0,1.0,0.2036363636363636,3806
HYPO,HYPO_pos_1.0,1.0,0.1282051282051282,3807
HYPO,HYPO_pos_1.0,1.0,0.1690140845070422,3808
HYPO,HYPO_pos_1.0,1.0,0.1891891891891892,3809
HYPO,HYPO_pos_1.0,1.0,0.2462462462462462,3810
HYPO,HYPO_pos_1.0,1.0,0.3,4801
HYPO,HYPO_pos_1.0,1.0,0.4166666666666667,4802
HYPO,HYPO_pos_1.0,1.0,0.1975806451612903,4803
HYPO,HYPO_pos_1.0,1.0,0.5476190476190477,4804
HYPO,HYPO_pos_1.0,1.0,0.2253521126760563,4805
HYPO,HYPO_pos_1.0,1.0,0.1270903010033444,4806
HYPO,HYPO_pos_1.0,1.0,0.2131147540983606,4807
HYPO,HYPO_pos_1.0,1.0,0.2335766423357664,4808
HYPO,HYPO_pos_1.0,1.0,0.1333333333333333,4809
HYPO,HYPO_pos_1.0,1.0,0.2537313432835821,4810
HYPO,HYPO_neg_0.5,-0.5,0.0833333333333333,1801
HYPO,HYPO_neg_0.5,-0.5,0.1511627906976744,1802
HYPO,HYPO_neg_0.5,-0.5,0.0,1803
HYPO,HYPO_neg_0.5,-0.5,0.1422222222222222,1804
HYPO,HYPO_neg_0.5,-0.5,0.1282051282051282,1805
HYPO,HYPO_neg_0.5,-0.5,0.1101694915254237,1806
HYPO,HYPO_neg_0.5,-0.5,0.2470588235294117,1807
HYPO,HYPO_neg_0.5,-0.5,0.0538922155688622,1808
HYPO,HYPO_neg_0.5,-0.5,0.032258064516129,1809
HYPO,HYPO_neg_0.5,-0.5,0.2153846153846154,1810
HYPO,HYPO_neg_0.5,-0.5,0.125,2801
HYPO,HYPO_neg_0.5,-0.5,0.1304347826086956,2802
HYPO,HYPO_neg_0.5,-0.5,0.2329192546583851,2803
HYPO,HYPO_neg_0.5,-0.5,0.1535433070866141,2804
HYPO,HYPO_neg_0.5,-0.5,0.0594795539033457,2805
HYPO,HYPO_neg_0.5,-0.5,0.1636363636363636,2806
HYPO,HYPO_neg_0.5,-0.5,0.1743119266055046,2807
HYPO,HYPO_neg_0.5,-0.5,0.1353711790393013,2808
HYPO,HYPO_neg_0.5,-0.5,0.10546875,2809
HYPO,HYPO_neg_0.5,-0.5,0.2077922077922078,2810
HYPO,HYPO_neg_0.5,-0.5,0.226890756302521,3801
HYPO,HYPO_neg_0.5,-0.5,0.1822916666666666,3802
HYPO,HYPO_neg_0.5,-0.5,0.1563636363636363,3803
HYPO,HYPO_neg_0.5,-0.5,0.1937984496124031,3804
HYPO,HYPO_neg_0.5,-0.5,0.1066176470588235,3805
HYPO,HYPO_neg_0.5,-0.5,0.2020725388601036,3806
HYPO,HYPO_neg_0.5,-0.5,0.1518151815181518,3807
HYPO,HYPO_neg_0.5,-0.5,0.1355140186915887,3808
HYPO,HYPO_neg_0.5,-0.5,0.1071428571428571,3809
HYPO,HYPO_neg_0.5,-0.5,0.0,3810
HYPO,HYPO_neg_0.5,-0.5,0.2710843373493976,4801
HYPO,HYPO_neg_0.5,-0.5,0.1493055555555555,4802
HYPO,HYPO_neg_0.5,-0.5,0.1666666666666666,4803
HYPO,HYPO_neg_0.5,-0.5,0.1744186046511628,4804
HYPO,HYPO_neg_0.5,-0.5,0.0666666666666666,4805
HYPO,HYPO_neg_0.5,-0.5,0.154228855721393,4806
HYPO,HYPO_neg_0.5,-0.5,0.0344827586206896,4807
HYPO,HYPO_neg_0.5,-0.5,0.0988372093023255,4808
HYPO,HYPO_neg_0.5,-0.5,0.08,4809
HYPO,HYPO_neg_0.5,-0.5,0.0729166666666666,4810
HYPO,HYPO_neg_1.0,-1.0,0.1172413793103448,1801
HYPO,HYPO_neg_1.0,-1.0,0.2482517482517482,1802
HYPO,HYPO_neg_1.0,-1.0,0.1696969696969697,1803
HYPO,HYPO_neg_1.0,-1.0,0.2553191489361702,1804
HYPO,HYPO_neg_1.0,-1.0,0.2716049382716049,1805
HYPO,HYPO_neg_1.0,-1.0,0.1559633027522936,1806
HYPO,HYPO_neg_1.0,-1.0,0.2131147540983606,1807
HYPO,HYPO_neg_1.0,-1.0,0.136518771331058,1808
HYPO,HYPO_neg_1.0,-1.0,0.1414141414141414,1809
HYPO,HYPO_neg_1.0,-1.0,0.1264367816091954,1810
HYPO,HYPO_neg_1.0,-1.0,0.1632653061224489,2801
HYPO,HYPO_neg_1.0,-1.0,0.1221864951768488,2802
HYPO,HYPO_neg_1.0,-1.0,0.0675675675675675,2803
HYPO,HYPO_neg_1.0,-1.0,0.1404109589041096,2804
HYPO,HYPO_neg_1.0,-1.0,0.13125,2805
HYPO,HYPO_neg_1.0,-1.0,0.2237762237762237,2806
HYPO,HYPO_neg_1.0,-1.0,0.2052117263843648,2807
HYPO,HYPO_neg_1.0,-1.0,0.1785714285714285,2808
HYPO,HYPO_neg_1.0,-1.0,0.1745454545454545,2809
HYPO,HYPO_neg_1.0,-1.0,0.1744548286604361,2810
HYPO,HYPO_neg_1.0,-1.0,0.1516587677725118,3801
HYPO,HYPO_neg_1.0,-1.0,0.1706484641638225,3802
HYPO,HYPO_neg_1.0,-1.0,0.1732283464566929,3803
HYPO,HYPO_neg_1.0,-1.0,0.1705685618729097,3804
HYPO,HYPO_neg_1.0,-1.0,0.2121212121212121,3805
HYPO,HYPO_neg_1.0,-1.0,0.2137931034482758,3806
HYPO,HYPO_neg_1.0,-1.0,0.2622377622377622,3807
HYPO,HYPO_neg_1.0,-1.0,0.1970802919708029,3808
HYPO,HYPO_neg_1.0,-1.0,0.075187969924812,3809
HYPO,HYPO_neg_1.0,-1.0,0.1418918918918918,3810
HYPO,HYPO_neg_1.0,-1.0,0.1596858638743455,4801
HYPO,HYPO_neg_1.0,-1.0,0.0666666666666666,4802
HYPO,HYPO_neg_1.0,-1.0,0.2018348623853211,4803
HYPO,HYPO_neg_1.0,-1.0,0.027027027027027,4804
HYPO,HYPO_neg_1.0,-1.0,0.1176470588235294,4805
HYPO,HYPO_neg_1.0,-1.0,0.228310502283105,4806
HYPO,HYPO_neg_1.0,-1.0,0.1596638655462184,4807
HYPO,HYPO_neg_1.0,-1.0,0.1401515151515151,4808
HYPO,HYPO_neg_1.0,-1.0,0.1234567901234567,4809
HYPO,HYPO_neg_1.0,-1.0,0.1594202898550724,4810
TEST,baseline,0.0,0.6174242424242424,1801
TEST,baseline,0.0,0.1492537313432835,1802
TEST,baseline,0.0,0.6037735849056604,1803
TEST,baseline,0.0,0.5,1804
TEST,baseline,0.0,0.6560509554140127,1805
TEST,baseline,0.0,0.5768025078369906,1806
TEST,baseline,0.0,0.2083333333333333,1807
TEST,baseline,0.0,0.5949367088607594,1808
TEST,baseline,0.0,0.5319148936170213,1809
TEST,baseline,0.0,0.41,1810
TEST,baseline,0.0,0.677710843373494,2801
TEST,baseline,0.0,0.5161290322580645,2802
TEST,baseline,0.0,0.4897959183673469,2803
TEST,baseline,0.0,0.5037593984962406,2804
TEST,baseline,0.0,0.3364485981308411,2805
TEST,baseline,0.0,0.5222222222222223,2806
TEST,baseline,0.0,0.6203208556149733,2807
TEST,baseline,0.0,0.4871794871794871,2808
TEST,baseline,0.0,0.6666666666666666,2809
TEST,baseline,0.0,0.5505050505050505,2810
TEST,baseline,0.0,0.5394190871369294,3801
TEST,baseline,0.0,0.5807692307692308,3802
TEST,baseline,0.0,0.6297709923664122,3803
TEST,baseline,0.0,0.5928853754940712,3804
TEST,baseline,0.0,0.6666666666666666,3805
TEST,baseline,0.0,0.6890756302521008,3806
TEST,baseline,0.0,0.6190476190476191,3807
TEST,baseline,0.0,0.5579710144927537,3808
TEST,baseline,0.0,0.6274509803921569,3809
TEST,baseline,0.0,0.5242290748898678,3810
TEST,baseline,0.0,0.5865384615384616,4801
TEST,baseline,0.0,0.4444444444444444,4802
TEST,baseline,0.0,0.1111111111111111,4803
TEST,baseline,0.0,0.5691056910569106,4804
TEST,baseline,0.0,0.7365079365079366,4805
TEST,baseline,0.0,0.7518518518518519,4806
TEST,baseline,0.0,0.5223880597014925,4807
TEST,baseline,0.0,0.518840579710145,4808
TEST,baseline,0.0,0.4581497797356828,4809
TEST,baseline,0.0,0.6282051282051282,4810
TEST,TEST_pos_0.5,0.5,0.6933962264150944,1801
TEST,TEST_pos_0.5,0.5,0.55078125,1802
TEST,TEST_pos_0.5,0.5,0.664756446991404,1803
TEST,TEST_pos_0.5,0.5,0.6057692307692307,1804
TEST,TEST_pos_0.5,0.5,0.5973154362416108,1805
TEST,TEST_pos_0.5,0.5,0.2916666666666667,1806
TEST,TEST_pos_0.5,0.5,0.593103448275862,1807
TEST,TEST_pos_0.5,0.5,0.6428571428571429,1808
TEST,TEST_pos_0.5,0.5,0.4736842105263157,1809
TEST,TEST_pos_0.5,0.5,0.6085106382978723,1810
TEST,TEST_pos_0.5,0.5,0.4199134199134199,2801
TEST,TEST_pos_0.5,0.5,0.5945945945945946,2802
TEST,TEST_pos_0.5,0.5,0.660377358490566,2803
TEST,TEST_pos_0.5,0.5,0.5051546391752577,2804
TEST,TEST_pos_0.5,0.5,0.65,2805
TEST,TEST_pos_0.5,0.5,0.6425855513307985,2806
TEST,TEST_pos_0.5,0.5,0.3673469387755102,2807
TEST,TEST_pos_0.5,0.5,0.5975609756097561,2808
TEST,TEST_pos_0.5,0.5,0.7795527156549521,2809
TEST,TEST_pos_0.5,0.5,0.5223880597014925,2810
TEST,TEST_pos_0.5,0.5,0.5094339622641509,3801
TEST,TEST_pos_0.5,0.5,0.5742971887550201,3802
TEST,TEST_pos_0.5,0.5,0.4757281553398058,3803
TEST,TEST_pos_0.5,0.5,0.5339233038348082,3804
TEST,TEST_pos_0.5,0.5,0.5346534653465347,3805
TEST,TEST_pos_0.5,0.5,0.5257352941176471,3806
TEST,TEST_pos_0.5,0.5,0.5097276264591439,3807
TEST,TEST_pos_0.5,0.5,0.3974895397489539,3808
TEST,TEST_pos_0.5,0.5,0.597444089456869,3809
TEST,TEST_pos_0.5,0.5,0.4222222222222222,3810
TEST,TEST_pos_0.5,0.5,0.5135135135135135,4801
TEST,TEST_pos_0.5,0.5,0.6679841897233202,4802
TEST,TEST_pos_0.5,0.5,0.6219512195121951,4803
TEST,TEST_pos_0.5,0.5,0.6703703703703704,4804
TEST,TEST_pos_0.5,0.5,0.3711340206185567,4805
TEST,TEST_pos_0.5,0.5,0.3793103448275862,4806
TEST,TEST_pos_0.5,0.5,0.1348314606741573,4807
TEST,TEST_pos_0.5,0.5,0.6405693950177936,4808
TEST,TEST_pos_0.5,0.5,0.2777777777777778,4809
TEST,TEST_pos_0.5,0.5,0.5586592178770949,4810
TEST,TEST_pos_1.0,1.0,0.3035714285714285,1801
TEST,TEST_pos_1.0,1.0,0.5797101449275363,1802
TEST,TEST_pos_1.0,1.0,0.6214689265536724,1803
TEST,TEST_pos_1.0,1.0,0.7056962025316456,1804
TEST,TEST_pos_1.0,1.0,0.6254071661237784,1805
TEST,TEST_pos_1.0,1.0,0.6112852664576802,1806
TEST,TEST_pos_1.0,1.0,0.4491525423728814,1807
TEST,TEST_pos_1.0,1.0,0.6676737160120846,1808
TEST,TEST_pos_1.0,1.0,0.6015037593984962,1809
TEST,TEST_pos_1.0,1.0,0.5225563909774437,1810
TEST,TEST_pos_1.0,1.0,0.7138047138047138,2801
TEST,TEST_pos_1.0,1.0,0.6832298136645962,2802
TEST,TEST_pos_1.0,1.0,0.2988505747126437,2803
TEST,TEST_pos_1.0,1.0,0.6790123456790124,2804
TEST,TEST_pos_1.0,1.0,0.6337209302325582,2805
TEST,TEST_pos_1.0,1.0,0.5311475409836065,2806
TEST,TEST_pos_1.0,1.0,0.6827794561933535,2807
TEST,TEST_pos_1.0,1.0,0.6329588014981273,2808
TEST,TEST_pos_1.0,1.0,0.6026490066225165,2809
TEST,TEST_pos_1.0,1.0,0.5377358490566038,2810
TEST,TEST_pos_1.0,1.0,0.7016129032258065,3801
TEST,TEST_pos_1.0,1.0,0.5888888888888889,3802
TEST,TEST_pos_1.0,1.0,0.6171428571428571,3803
TEST,TEST_pos_1.0,1.0,0.6512968299711815,3804
TEST,TEST_pos_1.0,1.0,0.7030075187969925,3805
TEST,TEST_pos_1.0,1.0,0.6746268656716418,3806
TEST,TEST_pos_1.0,1.0,0.4296028880866426,3807
TEST,TEST_pos_1.0,1.0,0.6761133603238867,3808
TEST,TEST_pos_1.0,1.0,0.6585365853658537,3809
TEST,TEST_pos_1.0,1.0,0.653968253968254,3810
TEST,TEST_pos_1.0,1.0,0.6626865671641791,4801
TEST,TEST_pos_1.0,1.0,0.6481481481481481,4802
TEST,TEST_pos_1.0,1.0,0.6717325227963525,4803
TEST,TEST_pos_1.0,1.0,0.296,4804
TEST,TEST_pos_1.0,1.0,0.5247148288973384,4805
TEST,TEST_pos_1.0,1.0,0.5718954248366013,4806
TEST,TEST_pos_1.0,1.0,0.5763888888888888,4807
TEST,TEST_pos_1.0,1.0,0.6216216216216216,4808
TEST,TEST_pos_1.0,1.0,0.4646840148698885,4809
TEST,TEST_pos_1.0,1.0,0.5795795795795796,4810
TEST,TEST_neg_0.5,-0.5,0.5454545454545454,1801
TEST,TEST_neg_0.5,-0.5,0.4686192468619247,1802
TEST,TEST_neg_0.5,-0.5,0.6599326599326599,1803
TEST,TEST_neg_0.5,-0.5,0.448051948051948,1804
TEST,TEST_neg_0.5,-0.5,0.6,1805
TEST,TEST_neg_0.5,-0.5,0.3908045977011494,1806
TEST,TEST_neg_0.5,-0.5,0.5252525252525253,1807
TEST,TEST_neg_0.5,-0.5,0.596958174904943,1808
TEST,TEST_neg_0.5,-0.5,0.4831460674157303,1809
TEST,TEST_neg_0.5,-0.5,0.6122994652406417,1810
TEST,TEST_neg_0.5,-0.5,0.532051282051282,2801
TEST,TEST_neg_0.5,-0.5,0.5432692307692307,2802
TEST,TEST_neg_0.5,-0.5,0.448087431693989,2803
TEST,TEST_neg_0.5,-0.5,0.5688622754491018,2804
TEST,TEST_neg_0.5,-0.5,0.5,2805
TEST,TEST_neg_0.5,-0.5,0.6521739130434783,2806
TEST,TEST_neg_0.5,-0.5,0.5286343612334802,2807
TEST,TEST_neg_0.5,-0.5,0.4047619047619047,2808
TEST,TEST_neg_0.5,-0.5,0.4696356275303643,2809
TEST,TEST_neg_0.5,-0.5,0.564,2810
TEST,TEST_neg_0.5,-0.5,0.3594470046082949,3801
TEST,TEST_neg_0.5,-0.5,0.4471153846153846,3802
TEST,TEST_neg_0.5,-0.5,0.23,3803
TEST,TEST_neg_0.5,-0.5,0.6666666666666666,3804
TEST,TEST_neg_0.5,-0.5,0.7514619883040936,3805
TEST,TEST_neg_0.5,-0.5,0.6111111111111112,3806
TEST,TEST_neg_0.5,-0.5,0.6167247386759582,3807
TEST,TEST_neg_0.5,-0.5,0.345679012345679,3808
TEST,TEST_neg_0.5,-0.5,0.4525862068965517,3809
TEST,TEST_neg_0.5,-0.5,0.4923076923076923,3810
TEST,TEST_neg_0.5,-0.5,0.4978165938864629,4801
TEST,TEST_neg_0.5,-0.5,0.508833922261484,4802
TEST,TEST_neg_0.5,-0.5,0.4377358490566038,4803
TEST,TEST_neg_0.5,-0.5,0.4567901234567901,4804
TEST,TEST_neg_0.5,-0.5,0.4418604651162791,4805
TEST,TEST_neg_0.5,-0.5,0.6,4806
TEST,TEST_neg_0.5,-0.5,0.6073619631901841,4807
TEST,TEST_neg_0.5,-0.5,0.5,4808
TEST,TEST_neg_0.5,-0.5,0.7566539923954373,4809
TEST,TEST_neg_0.5,-0.5,0.5833333333333334,4810
TEST,TEST_neg_1.0,-1.0,0.3107344632768362,1801
TEST,TEST_neg_1.0,-1.0,0.3905723905723905,1802
TEST,TEST_neg_1.0,-1.0,0.4571428571428571,1803
TEST,TEST_neg_1.0,-1.0,0.4424242424242424,1804
TEST,TEST_neg_1.0,-1.0,0.4315068493150685,1805
TEST,TEST_neg_1.0,-1.0,0.4190871369294606,1806
TEST,TEST_neg_1.0,-1.0,0.3714285714285714,1807
TEST,TEST_neg_1.0,-1.0,0.5637254901960784,1808
TEST,TEST_neg_1.0,-1.0,0.5470085470085471,1809
TEST,TEST_neg_1.0,-1.0,0.5869565217391305,1810
TEST,TEST_neg_1.0,-1.0,0.4041450777202072,2801
TEST,TEST_neg_1.0,-1.0,0.4310344827586206,2802
TEST,TEST_neg_1.0,-1.0,0.4536082474226804,2803
TEST,TEST_neg_1.0,-1.0,0.38,2804
TEST,TEST_neg_1.0,-1.0,0.3990147783251231,2805
TEST,TEST_neg_1.0,-1.0,0.569672131147541,2806
TEST,TEST_neg_1.0,-1.0,0.5460526315789473,2807
TEST,TEST_neg_1.0,-1.0,0.2911877394636015,2808
TEST,TEST_neg_1.0,-1.0,0.5056179775280899,2809
TEST,TEST_neg_1.0,-1.0,0.46875,2810
TEST,TEST_neg_1.0,-1.0,0.5081967213114754,3801
TEST,TEST_neg_1.0,-1.0,0.5555555555555556,3802
TEST,TEST_neg_1.0,-1.0,0.5091575091575091,3803
TEST,TEST_neg_1.0,-1.0,0.5758928571428571,3804
TEST,TEST_neg_1.0,-1.0,0.273224043715847,3805
TEST,TEST_neg_1.0,-1.0,0.4409448818897638,3806
TEST,TEST_neg_1.0,-1.0,0.3728070175438596,3807
TEST,TEST_neg_1.0,-1.0,0.4347826086956521,3808
TEST,TEST_neg_1.0,-1.0,0.6133828996282528,3809
TEST,TEST_neg_1.0,-1.0,0.4731182795698925,3810
TEST,TEST_neg_1.0,-1.0,0.541501976284585,4801
TEST,TEST_neg_1.0,-1.0,0.413265306122449,4802
TEST,TEST_neg_1.0,-1.0,0.3516483516483517,4803
TEST,TEST_neg_1.0,-1.0,0.3141361256544502,4804
TEST,TEST_neg_1.0,-1.0,0.2567567567567567,4805
TEST,TEST_neg_1.0,-1.0,0.4910179640718562,4806
TEST,TEST_neg_1.0,-1.0,0.5618729096989966,4807
TEST,TEST_neg_1.0,-1.0,0.5378151260504201,4808
TEST,TEST_neg_1.0,-1.0,0.5223214285714286,4809
TEST,TEST_neg_1.0,-1.0,0.4328358208955223,4810
JUDGE,baseline,0.0,0.0946969696969697,1801
JUDGE,baseline,0.0,0.0,1802
JUDGE,baseline,0.0,0.0754716981132075,1803
JUDGE,baseline,0.0,0.13,1804
JUDGE,baseline,0.0,0.0923566878980891,1805
JUDGE,baseline,0.0,0.115987460815047,1806
JUDGE,baseline,0.0,0.0625,1807
JUDGE,baseline,0.0,0.1265822784810126,1808
JUDGE,baseline,0.0,0.1319148936170212,1809
JUDGE,baseline,0.0,0.08,1810
JUDGE,baseline,0.0,0.108433734939759,2801
JUDGE,baseline,0.0,0.064516129032258,2802
JUDGE,baseline,0.0,0.1061224489795918,2803
JUDGE,baseline,0.0,0.150375939849624,2804
JUDGE,baseline,0.0,0.0560747663551401,2805
JUDGE,baseline,0.0,0.1666666666666666,2806
JUDGE,baseline,0.0,0.0695187165775401,2807
JUDGE,baseline,0.0,0.1346153846153846,2808
JUDGE,baseline,0.0,0.0935672514619883,2809
JUDGE,baseline,0.0,0.0505050505050505,2810
JUDGE,baseline,0.0,0.0622406639004149,3801
JUDGE,baseline,0.0,0.1153846153846153,3802
JUDGE,baseline,0.0,0.0419847328244274,3803
JUDGE,baseline,0.0,0.1264822134387351,3804
JUDGE,baseline,0.0,0.102880658436214,3805
JUDGE,baseline,0.0,0.0798319327731092,3806
JUDGE,baseline,0.0,0.0714285714285714,3807
JUDGE,baseline,0.0,0.0978260869565217,3808
JUDGE,baseline,0.0,0.0392156862745098,3809
JUDGE,baseline,0.0,0.105726872246696,3810
JUDGE,baseline,0.0,0.0961538461538461,4801
JUDGE,baseline,0.0,0.0888888888888888,4802
JUDGE,baseline,0.0,0.0138888888888888,4803
JUDGE,baseline,0.0,0.0975609756097561,4804
JUDGE,baseline,0.0,0.0984126984126984,4805
JUDGE,baseline,0.0,0.0629629629629629,4806
JUDGE,baseline,0.0,0.0845771144278607,4807
JUDGE,baseline,0.0,0.1768115942028985,4808
JUDGE,baseline,0.0,0.0572687224669603,4809
JUDGE,baseline,0.0,0.1153846153846153,4810
JUDGE,JUDGE_pos_0.5,0.5,0.1953125,1801
JUDGE,JUDGE_pos_0.5,0.5,0.1024734982332155,1802
JUDGE,JUDGE_pos_0.5,0.5,0.0857142857142857,1803
JUDGE,JUDGE_pos_0.5,0.5,0.101010101010101,1804
JUDGE,JUDGE_pos_0.5,0.5,0.0952380952380952,1805
JUDGE,JUDGE_pos_0.5,0.5,0.0857142857142857,1806
JUDGE,JUDGE_pos_0.5,0.5,0.1117318435754189,1807
JUDGE,JUDGE_pos_0.5,0.5,0.0638297872340425,1808
JUDGE,JUDGE_pos_0.5,0.5,0.1068702290076335,1809
JUDGE,JUDGE_pos_0.5,0.5,0.0470588235294117,1810
JUDGE,JUDGE_pos_0.5,0.5,0.1037344398340249,2801
JUDGE,JUDGE_pos_0.5,0.5,0.1414790996784566,2802
JUDGE,JUDGE_pos_0.5,0.5,0.0816326530612244,2803
JUDGE,JUDGE_pos_0.5,0.5,0.1257485029940119,2804
JUDGE,JUDGE_pos_0.5,0.5,0.0839694656488549,2805
JUDGE,JUDGE_pos_0.5,0.5,0.1469648562300319,2806
JUDGE,JUDGE_pos_0.5,0.5,0.1156716417910447,2807
JUDGE,JUDGE_pos_0.5,0.5,0.06,2808
JUDGE,JUDGE_pos_0.5,0.5,0.0977443609022556,2809
JUDGE,JUDGE_pos_0.5,0.5,0.1152647975077881,2810
JUDGE,JUDGE_pos_0.5,0.5,0.1025641025641025,3801
JUDGE,JUDGE_pos_0.5,0.5,0.0763358778625954,3802
JUDGE,JUDGE_pos_0.5,0.5,0.0848214285714285,3803
JUDGE,JUDGE_pos_0.5,0.5,0.073015873015873,3804
JUDGE,JUDGE_pos_0.5,0.5,0.0530035335689045,3805
JUDGE,JUDGE_pos_0.5,0.5,0.077490774907749,3806
JUDGE,JUDGE_pos_0.5,0.5,0.0562913907284768,3807
JUDGE,JUDGE_pos_0.5,0.5,0.0952380952380952,3808
JUDGE,JUDGE_pos_0.5,0.5,0.0897009966777408,3809
JUDGE,JUDGE_pos_0.5,0.5,0.0504587155963302,3810
JUDGE,JUDGE_pos_0.5,0.5,0.1904761904761904,4801
JUDGE,JUDGE_pos_0.5,0.5,0.0508474576271186,4802
JUDGE,JUDGE_pos_0.5,0.5,0.1104651162790697,4803
JUDGE,JUDGE_pos_0.5,0.5,0.100418410041841,4804
JUDGE,JUDGE_pos_0.5,0.5,0.064516129032258,4805
JUDGE,JUDGE_pos_0.5,0.5,0.089430894308943,4806
JUDGE,JUDGE_pos_0.5,0.5,0.0,4807
JUDGE,JUDGE_pos_0.5,0.5,0.0895522388059701,4808
JUDGE,JUDGE_pos_0.5,0.5,0.0886699507389162,4809
JUDGE,JUDGE_pos_0.5,0.5,0.1966666666666666,4810
JUDGE,JUDGE_pos_1.0,1.0,0.0344827586206896,1801
JUDGE,JUDGE_pos_1.0,1.0,0.0797101449275362,1802
JUDGE,JUDGE_pos_1.0,1.0,0.1477272727272727,1803
JUDGE,JUDGE_pos_1.0,1.0,0.1134969325153374,1804
JUDGE,JUDGE_pos_1.0,1.0,0.0963302752293578,1805
JUDGE,JUDGE_pos_1.0,1.0,0.0723684210526315,1806
JUDGE,JUDGE_pos_1.0,1.0,0.0961538461538461,1807
JUDGE,JUDGE_pos_1.0,1.0,0.0985915492957746,1808
JUDGE,JUDGE_pos_1.0,1.0,0.1129707112970711,1809
JUDGE,JUDGE_pos_1.0,1.0,0.1808510638297872,1810
JUDGE,JUDGE_pos_1.0,1.0,0.071917808219178,2801
JUDGE,JUDGE_pos_1.0,1.0,0.135048231511254,2802
JUDGE,JUDGE_pos_1.0,1.0,0.2233333333333333,2803
JUDGE,JUDGE_pos_1.0,1.0,0.0932944606413994,2804
JUDGE,JUDGE_pos_1.0,1.0,0.053639846743295,2805
JUDGE,JUDGE_pos_1.0,1.0,0.1291866028708134,2806
JUDGE,JUDGE_pos_1.0,1.0,0.1423220973782771,2807
JUDGE,JUDGE_pos_1.0,1.0,0.1337792642140468,2808
JUDGE,JUDGE_pos_1.0,1.0,0.146875,2809
JUDGE,JUDGE_pos_1.0,1.0,0.15625,2810
JUDGE,JUDGE_pos_1.0,1.0,0.090497737556561,3801
JUDGE,JUDGE_pos_1.0,1.0,0.1075949367088607,3802
JUDGE,JUDGE_pos_1.0,1.0,0.1829268292682926,3803
JUDGE,JUDGE_pos_1.0,1.0,0.1279761904761904,3804
JUDGE,JUDGE_pos_1.0,1.0,0.15,3805
JUDGE,JUDGE_pos_1.0,1.0,0.0958904109589041,3806
JUDGE,JUDGE_pos_1.0,1.0,0.0981132075471698,3807
JUDGE,JUDGE_pos_1.0,1.0,0.1377551020408163,3808
JUDGE,JUDGE_pos_1.0,1.0,0.1138211382113821,3809
JUDGE,JUDGE_pos_1.0,1.0,0.0597014925373134,3810
JUDGE,JUDGE_pos_1.0,1.0,0.072,4801
JUDGE,JUDGE_pos_1.0,1.0,0.1585365853658536,4802
JUDGE,JUDGE_pos_1.0,1.0,0.1818181818181818,4803
JUDGE,JUDGE_pos_1.0,1.0,0.0476190476190476,4804
JUDGE,JUDGE_pos_1.0,1.0,0.0,4805
JUDGE,JUDGE_pos_1.0,1.0,0.0898876404494382,4806
JUDGE,JUDGE_pos_1.0,1.0,0.0723684210526315,4807
JUDGE,JUDGE_pos_1.0,1.0,0.1206896551724138,4808
JUDGE,JUDGE_pos_1.0,1.0,0.1181434599156118,4809
JUDGE,JUDGE_pos_1.0,1.0,0.1481481481481481,4810
JUDGE,JUDGE_neg_0.5,-0.5,0.0905172413793103,1801
JUDGE,JUDGE_neg_0.5,-0.5,0.1149068322981366,1802
JUDGE,JUDGE_neg_0.5,-0.5,0.1630434782608695,1803
JUDGE,JUDGE_neg_0.5,-0.5,0.1383399209486166,1804
JUDGE,JUDGE_neg_0.5,-0.5,0.0952380952380952,1805
JUDGE,JUDGE_neg_0.5,-0.5,0.0914285714285714,1806
JUDGE,JUDGE_neg_0.5,-0.5,0.1228070175438596,1807
JUDGE,JUDGE_neg_0.5,-0.5,0.054054054054054,1808
JUDGE,JUDGE_neg_0.5,-0.5,0.0772727272727272,1809
JUDGE,JUDGE_neg_0.5,-0.5,0.2165354330708661,1810
JUDGE,JUDGE_neg_0.5,-0.5,0.0967741935483871,2801
JUDGE,JUDGE_neg_0.5,-0.5,0.1056910569105691,2802
JUDGE,JUDGE_neg_0.5,-0.5,0.0972222222222222,2803
JUDGE,JUDGE_neg_0.5,-0.5,0.0769230769230769,2804
JUDGE,JUDGE_neg_0.5,-0.5,0.0181818181818181,2805
JUDGE,JUDGE_neg_0.5,-0.5,0.1179775280898876,2806
JUDGE,JUDGE_neg_0.5,-0.5,0.0224719101123595,2807
JUDGE,JUDGE_neg_0.5,-0.5,0.0842105263157894,2808
JUDGE,JUDGE_neg_0.5,-0.5,0.099601593625498,2809
JUDGE,JUDGE_neg_0.5,-0.5,0.0,2810
JUDGE,JUDGE_neg_0.5,-0.5,0.0570652173913043,3801
JUDGE,JUDGE_neg_0.5,-0.5,0.1231884057971014,3802
JUDGE,JUDGE_neg_0.5,-0.5,0.043076923076923,3803
JUDGE,JUDGE_neg_0.5,-0.5,0.1,3804
JUDGE,JUDGE_neg_0.5,-0.5,0.1037735849056603,3805
JUDGE,JUDGE_neg_0.5,-0.5,0.0784313725490196,3806
JUDGE,JUDGE_neg_0.5,-0.5,0.0544747081712062,3807
JUDGE,JUDGE_neg_0.5,-0.5,0.0558823529411764,3808
JUDGE,JUDGE_neg_0.5,-0.5,0.0659025787965616,3809
JUDGE,JUDGE_neg_0.5,-0.5,0.0803571428571428,3810
JUDGE,JUDGE_neg_0.5,-0.5,0.0,4801
JUDGE,JUDGE_neg_0.5,-0.5,0.0,4802
JUDGE,JUDGE_neg_0.5,-0.5,0.0803571428571428,4803
JUDGE,JUDGE_neg_0.5,-0.5,0.0451388888888888,4804
JUDGE,JUDGE_neg_0.5,-0.5,0.0508474576271186,4805
JUDGE,JUDGE_neg_0.5,-0.5,0.0959409594095941,4806
JUDGE,JUDGE_neg_0.5,-0.5,0.1141868512110726,4807
JUDGE,JUDGE_neg_0.5,-0.5,0.1779935275080906,4808
JUDGE,JUDGE_neg_0.5,-0.5,0.0899470899470899,4809
JUDGE,JUDGE_neg_0.5,-0.5,0.0955882352941176,4810
JUDGE,JUDGE_neg_1.0,-1.0,0.0,1801
JUDGE,JUDGE_neg_1.0,-1.0,0.1491228070175438,1802
JUDGE,JUDGE_neg_1.0,-1.0,0.0547945205479452,1803
JUDGE,JUDGE_neg_1.0,-1.0,0.0719696969696969,1804
JUDGE,JUDGE_neg_1.0,-1.0,0.0924092409240924,1805
JUDGE,JUDGE_neg_1.0,-1.0,0.1459627329192546,1806
JUDGE,JUDGE_neg_1.0,-1.0,0.125,1807
JUDGE,JUDGE_neg_1.0,-1.0,0.1377049180327869,1808
JUDGE,JUDGE_neg_1.0,-1.0,0.0714285714285714,1809
JUDGE,JUDGE_neg_1.0,-1.0,0.1455696202531645,1810
JUDGE,JUDGE_neg_1.0,-1.0,0.0805084745762711,2801
JUDGE,JUDGE_neg_1.0,-1.0,0.0791788856304985,2802
JUDGE,JUDGE_neg_1.0,-1.0,0.0687960687960688,2803
JUDGE,JUDGE_neg_1.0,-1.0,0.0684039087947882,2804
JUDGE,JUDGE_neg_1.0,-1.0,0.0790273556231003,2805
JUDGE,JUDGE_neg_1.0,-1.0,0.1061224489795918,2806
JUDGE,JUDGE_neg_1.0,-1.0,0.1238532110091743,2807
JUDGE,JUDGE_neg_1.0,-1.0,0.170886075949367,2808
JUDGE,JUDGE_neg_1.0,-1.0,0.1,2809
JUDGE,JUDGE_neg_1.0,-1.0,0.0984126984126984,2810
JUDGE,JUDGE_neg_1.0,-1.0,0.0511182108626198,3801
JUDGE,JUDGE_neg_1.0,-1.0,0.0377358490566037,3802
JUDGE,JUDGE_neg_1.0,-1.0,0.0250783699059561,3803
JUDGE,JUDGE_neg_1.0,-1.0,0.1423728813559322,3804
JUDGE,JUDGE_neg_1.0,-1.0,0.2178988326848249,3805
JUDGE,JUDGE_neg_1.0,-1.0,0.032520325203252,3806
JUDGE,JUDGE_neg_1.0,-1.0,0.036144578313253,3807
JUDGE,JUDGE_neg_1.0,-1.0,0.0119521912350597,3808
JUDGE,JUDGE_neg_1.0,-1.0,0.0147058823529411,3809
JUDGE,JUDGE_neg_1.0,-1.0,0.0186915887850467,3810
JUDGE,JUDGE_neg_1.0,-1.0,0.0851063829787234,4801
JUDGE,JUDGE_neg_1.0,-1.0,0.1219512195121951,4802
JUDGE,JUDGE_neg_1.0,-1.0,0.1042471042471042,4803
JUDGE,JUDGE_neg_1.0,-1.0,0.132013201320132,4804
JUDGE,JUDGE_neg_1.0,-1.0,0.230392156862745,4805
JUDGE,JUDGE_neg_1.0,-1.0,0.1311475409836065,4806
JUDGE,JUDGE_neg_1.0,-1.0,0.084084084084084,4807
JUDGE,JUDGE_neg_1.0,-1.0,0.0989473684210526,4808
JUDGE,JUDGE_neg_1.0,-1.0,0.0714285714285714,4809
JUDGE,JUDGE_neg_1.0,-1.0,0.1081967213114754,4810
JUDGE,JUDGE_neg_2.0,-2.0,0.0,1801
JUDGE,JUDGE_neg_2.0,-2.0,0.0151975683890577,1802
JUDGE,JUDGE_neg_2.0,-2.0,0.0666666666666666,1803
JUDGE,JUDGE_neg_2.0,-2.0,0.0,1804
JUDGE,JUDGE_neg_2.0,-2.0,0.0869565217391304,1805
JUDGE,JUDGE_neg_2.0,-2.0,0.0,1806
JUDGE,JUDGE_neg_2.0,-2.0,0.0,1807
JUDGE,JUDGE_neg_2.0,-2.0,0.0,1808
JUDGE,JUDGE_neg_2.0,-2.0,0.0111111111111111,1809
JUDGE,JUDGE_neg_2.0,-2.0,0.0033898305084745,1810
JUDGE,JUDGE_neg_2.0,-2.0,0.1398601398601398,2801
JUDGE,JUDGE_neg_2.0,-2.0,0.0679611650485436,2802
JUDGE,JUDGE_neg_2.0,-2.0,0.0881057268722467,2803
JUDGE,JUDGE_neg_2.0,-2.0,0.7194244604316546,2804
JUDGE,JUDGE_neg_2.0,-2.0,0.0,2805
JUDGE,JUDGE_neg_2.0,-2.0,0.0,2806
JUDGE,JUDGE_neg_2.0,-2.0,0.0,2807
JUDGE,JUDGE_neg_2.0,-2.0,0.3878205128205128,2808
JUDGE,JUDGE_neg_2.0,-2.0,0.0,2809
JUDGE,JUDGE_neg_2.0,-2.0,0.2188679245283019,2810
JUDGE,JUDGE_neg_2.0,-2.0,0.0,3801
JUDGE,JUDGE_neg_2.0,-2.0,0.0,3802
JUDGE,JUDGE_neg_2.0,-2.0,0.1269841269841269,3803
JUDGE,JUDGE_neg_2.0,-2.0,0.0,3804
JUDGE,JUDGE_neg_2.0,-2.0,0.3268292682926829,3805
JUDGE,JUDGE_neg_2.0,-2.0,0.1707988980716253,3806
JUDGE,JUDGE_neg_2.0,-2.0,0.0112359550561797,3807
JUDGE,JUDGE_neg_2.0,-2.0,0.1351351351351351,3808
JUDGE,JUDGE_neg_2.0,-2.0,0.2774869109947644,3809
JUDGE,JUDGE_neg_2.0,-2.0,0.7671232876712328,3810
JUDGE,JUDGE_neg_2.0,-2.0,0.0122448979591836,4801
JUDGE,JUDGE_neg_2.0,-2.0,0.0185873605947955,4802
JUDGE,JUDGE_neg_2.0,-2.0,0.0076923076923076,4803
JUDGE,JUDGE_neg_2.0,-2.0,0.0727969348659003,4804
JUDGE,JUDGE_neg_2.0,-2.0,0.02,4805
JUDGE,JUDGE_neg_2.0,-2.0,0.0301724137931034,4806
JUDGE,JUDGE_neg_2.0,-2.0,0.0,4807
JUDGE,JUDGE_neg_2.0,-2.0,0.0,4808
JUDGE,JUDGE_neg_2.0,-2.0,0.0,4809
JUDGE,JUDGE_neg_2.0,-2.0,0.0,4810
MONITOR,baseline,0.0,0.0265151515151515,1801
MONITOR,baseline,0.0,0.0298507462686567,1802
MONITOR,baseline,0.0,0.0094339622641509,1803
MONITOR,baseline,0.0,0.02,1804
MONITOR,baseline,0.0,0.019108280254777,1805
MONITOR,baseline,0.0,0.012539184952978,1806
MONITOR,baseline,0.0,0.0208333333333333,1807
MONITOR,baseline,0.0,0.0210970464135021,1808
MONITOR,baseline,0.0,0.0127659574468085,1809
MONITOR,baseline,0.0,0.03,1810
MONITOR,baseline,0.0,0.0060240963855421,2801
MONITOR,baseline,0.0,0.032258064516129,2802
MONITOR,baseline,0.0,0.0,2803
MONITOR,baseline,0.0,0.0263157894736842,2804
MONITOR,baseline,0.0,0.0,2805
MONITOR,baseline,0.0,0.0037037037037037,2806
MONITOR,baseline,0.0,0.0267379679144385,2807
MONITOR,baseline,0.0,0.0256410256410256,2808
MONITOR,baseline,0.0,0.0146198830409356,2809
MONITOR,baseline,0.0,0.0151515151515151,2810
MONITOR,baseline,0.0,0.0373443983402489,3801
MONITOR,baseline,0.0,0.0269230769230769,3802
MONITOR,baseline,0.0,0.0038167938931297,3803
MONITOR,baseline,0.0,0.0276679841897233,3804
MONITOR,baseline,0.0,0.0082304526748971,3805
MONITOR,baseline,0.0,0.0294117647058823,3806
MONITOR,baseline,0.0,0.0396825396825396,3807
MONITOR,baseline,0.0,0.0108695652173913,3808
MONITOR,baseline,0.0,0.0392156862745098,3809
MONITOR,baseline,0.0,0.026431718061674,3810
MONITOR,baseline,0.0,0.0576923076923076,4801
MONITOR,baseline,0.0,0.0111111111111111,4802
MONITOR,baseline,0.0,0.0,4803
MONITOR,baseline,0.0,0.048780487804878,4804
MONITOR,baseline,0.0,0.0285714285714285,4805
MONITOR,baseline,0.0,0.0148148148148148,4806
MONITOR,baseline,0.0,0.0149253731343283,4807
MONITOR,baseline,0.0,0.0579710144927536,4808
MONITOR,baseline,0.0,0.0352422907488986,4809
MONITOR,baseline,0.0,0.0064102564102564,4810
MONITOR,MONITOR_pos_0.5,0.5,0.0350877192982456,1801
MONITOR,MONITOR_pos_0.5,0.5,0.0240963855421686,1802
MONITOR,MONITOR_pos_0.5,0.5,0.032258064516129,1803
MONITOR,MONITOR_pos_0.5,0.5,0.0481927710843373,1804
MONITOR,MONITOR_pos_0.5,0.5,0.03125,1805
MONITOR,MONITOR_pos_0.5,0.5,0.0352941176470588,1806
MONITOR,MONITOR_pos_0.5,0.5,0.081967213114754,1807
MONITOR,MONITOR_pos_0.5,0.5,0.0769230769230769,1808
MONITOR,MONITOR_pos_0.5,0.5,0.0625,1809
MONITOR,MONITOR_pos_0.5,0.5,0.0263157894736842,1810
MONITOR,MONITOR_pos_0.5,0.5,0.0108108108108108,2801
MONITOR,MONITOR_pos_0.5,0.5,0.0282131661442006,2802
MONITOR,MONITOR_pos_0.5,0.5,0.0815602836879432,2803
MONITOR,MONITOR_pos_0.5,0.5,0.0404858299595141,2804
MONITOR,MONITOR_pos_0.5,0.5,0.124,2805
MONITOR,MONITOR_pos_0.5,0.5,0.16015625,2806
MONITOR,MONITOR_pos_0.5,0.5,0.0383386581469648,2807
MONITOR,MONITOR_pos_0.5,0.5,0.0824742268041237,2808
MONITOR,MONITOR_pos_0.5,0.5,0.037593984962406,2809
MONITOR,MONITOR_pos_0.5,0.5,0.0423728813559322,2810
MONITOR,MONITOR_pos_0.5,0.5,0.0,3801
MONITOR,MONITOR_pos_0.5,0.5,0.1370716510903426,3802
MONITOR,MONITOR_pos_0.5,0.5,0.0364583333333333,3803
MONITOR,MONITOR_pos_0.5,0.5,0.0355731225296442,3804
MONITOR,MONITOR_pos_0.5,0.5,0.0595611285266457,3805
MONITOR,MONITOR_pos_0.5,0.5,0.087378640776699,3806
MONITOR,MONITOR_pos_0.5,0.5,0.0582959641255605,3807
MONITOR,MONITOR_pos_0.5,0.5,0.0497737556561085,3808
MONITOR,MONITOR_pos_0.5,0.5,0.0634920634920634,3809
MONITOR,MONITOR_pos_0.5,0.5,0.1649122807017544,3810
MONITOR,MONITOR_pos_0.5,0.5,0.0660377358490566,4801
MONITOR,MONITOR_pos_0.5,0.5,0.0524475524475524,4802
MONITOR,MONITOR_pos_0.5,0.5,0.0789473684210526,4803
MONITOR,MONITOR_pos_0.5,0.5,0.06,4804
MONITOR,MONITOR_pos_0.5,0.5,0.1041666666666666,4805
MONITOR,MONITOR_pos_0.5,0.5,0.0614525139664804,4806
MONITOR,MONITOR_pos_0.5,0.5,0.0216606498194945,4807
MONITOR,MONITOR_pos_0.5,0.5,0.0206896551724137,4808
MONITOR,MONITOR_pos_0.5,0.5,0.0208333333333333,4809
MONITOR,MONITOR_pos_0.5,0.5,0.1168384879725085,4810
MONITOR,MONITOR_pos_1.0,1.0,0.0302013422818791,1801
MONITOR,MONITOR_pos_1.0,1.0,0.0406976744186046,1802
MONITOR,MONITOR_pos_1.0,1.0,0.0317460317460317,1803
MONITOR,MONITOR_pos_1.0,1.0,0.0666666666666666,1804
MONITOR,MONITOR_pos_1.0,1.0,0.0423728813559322,1805
MONITOR,MONITOR_pos_1.0,1.0,0.0292682926829268,1806
MONITOR,MONITOR_pos_1.0,1.0,0.0585585585585585,1807
MONITOR,MONITOR_pos_1.0,1.0,0.0,1808
MONITOR,MONITOR_pos_1.0,1.0,0.0857142857142857,1809
MONITOR,MONITOR_pos_1.0,1.0,0.0416666666666666,1810
MONITOR,MONITOR_pos_1.0,1.0,0.0359712230215827,2801
MONITOR,MONITOR_pos_1.0,1.0,0.0539215686274509,2802
MONITOR,MONITOR_pos_1.0,1.0,0.0253623188405797,2803
MONITOR,MONITOR_pos_1.0,1.0,0.4129353233830846,2804
MONITOR,MONITOR_pos_1.0,1.0,0.0630914826498422,2805
MONITOR,MONITOR_pos_1.0,1.0,0.0436681222707423,2806
MONITOR,MONITOR_pos_1.0,1.0,0.0119047619047619,2807
MONITOR,MONITOR_pos_1.0,1.0,0.0946969696969697,2808
MONITOR,MONITOR_pos_1.0,1.0,0.1030534351145038,2809
MONITOR,MONITOR_pos_1.0,1.0,0.05,2810
MONITOR,MONITOR_pos_1.0,1.0,0.0553359683794466,3801
MONITOR,MONITOR_pos_1.0,1.0,0.1116504854368932,3802
MONITOR,MONITOR_pos_1.0,1.0,0.111587982832618,3803
MONITOR,MONITOR_pos_1.0,1.0,0.0318181818181818,3804
MONITOR,MONITOR_pos_1.0,1.0,0.0176211453744493,3805
MONITOR,MONITOR_pos_1.0,1.0,0.1919642857142857,3806
MONITOR,MONITOR_pos_1.0,1.0,0.024390243902439,3807
MONITOR,MONITOR_pos_1.0,1.0,0.0609756097560975,3808
MONITOR,MONITOR_pos_1.0,1.0,0.0375586854460093,3809
MONITOR,MONITOR_pos_1.0,1.0,0.0421455938697318,3810
MONITOR,MONITOR_pos_1.0,1.0,0.0694006309148265,4801
MONITOR,MONITOR_pos_1.0,1.0,0.0798479087452471,4802
MONITOR,MONITOR_pos_1.0,1.0,0.0716723549488054,4803
MONITOR,MONITOR_pos_1.0,1.0,0.0627615062761506,4804
MONITOR,MONITOR_pos_1.0,1.0,0.0,4805
MONITOR,MONITOR_pos_1.0,1.0,0.02,4806
MONITOR,MONITOR_pos_1.0,1.0,0.1081081081081081,4807
MONITOR,MONITOR_pos_1.0,1.0,0.031055900621118,4808
MONITOR,MONITOR_pos_1.0,1.0,0.0930232558139534,4809
MONITOR,MONITOR_pos_1.0,1.0,0.0392156862745098,4810
MONITOR,MONITOR_neg_0.5,-0.5,0.028125,1801
MONITOR,MONITOR_neg_0.5,-0.5,0.02,1802
MONITOR,MONITOR_neg_0.5,-0.5,0.039647577092511,1803
MONITOR,MONITOR_neg_0.5,-0.5,0.0222222222222222,1804
MONITOR,MONITOR_neg_0.5,-0.5,0.0188679245283018,1805
MONITOR,MONITOR_neg_0.5,-0.5,0.0333333333333333,1806
MONITOR,MONITOR_neg_0.5,-0.5,0.0396825396825396,1807
MONITOR,MONITOR_neg_0.5,-0.5,0.0691823899371069,1808
MONITOR,MONITOR_neg_0.5,-0.5,0.053030303030303,1809
MONITOR,MONITOR_neg_0.5,-0.5,0.0365853658536585,1810
MONITOR,MONITOR_neg_0.5,-0.5,0.0306122448979591,2801
MONITOR,MONITOR_neg_0.5,-0.5,0.0206185567010309,2802
MONITOR,MONITOR_neg_0.5,-0.5,0.0037878787878787,2803
MONITOR,MONITOR_neg_0.5,-0.5,0.0095238095238095,2804
MONITOR,MONITOR_neg_0.5,-0.5,0.0142857142857142,2805
MONITOR,MONITOR_neg_0.5,-0.5,0.0384615384615384,2806
MONITOR,MONITOR_neg_0.5,-0.5,0.0414937759336099,2807
MONITOR,MONITOR_neg_0.5,-0.5,0.0034602076124567,2808
MONITOR,MONITOR_neg_0.5,-0.5,0.0241935483870967,2809
MONITOR,MONITOR_neg_0.5,-0.5,0.0,2810
MONITOR,MONITOR_neg_0.5,-0.5,0.0112676056338028,3801
MONITOR,MONITOR_neg_0.5,-0.5,0.0074906367041198,3802
MONITOR,MONITOR_neg_0.5,-0.5,0.0173160173160173,3803
MONITOR,MONITOR_neg_0.5,-0.5,0.0176056338028169,3804
MONITOR,MONITOR_neg_0.5,-0.5,0.0184049079754601,3805
MONITOR,MONITOR_neg_0.5,-0.5,0.0177514792899408,3806
MONITOR,MONITOR_neg_0.5,-0.5,0.0035714285714285,3807
MONITOR,MONITOR_neg_0.5,-0.5,0.0032894736842105,3808
MONITOR,MONITOR_neg_0.5,-0.5,0.0131233595800524,3809
MONITOR,MONITOR_neg_0.5,-0.5,0.0389105058365758,3810
MONITOR,MONITOR_neg_0.5,-0.5,0.0153846153846153,4801
MONITOR,MONITOR_neg_0.5,-0.5,0.0147058823529411,4802
MONITOR,MONITOR_neg_0.5,-0.5,0.0222222222222222,4803
MONITOR,MONITOR_neg_0.5,-0.5,0.0047393364928909,4804
MONITOR,MONITOR_neg_0.5,-0.5,0.0047169811320754,4805
MONITOR,MONITOR_neg_0.5,-0.5,0.0,4806
MONITOR,MONITOR_neg_0.5,-0.5,0.0144927536231884,4807
MONITOR,MONITOR_neg_0.5,-0.5,0.01,4808
MONITOR,MONITOR_neg_0.5,-0.5,0.0477941176470588,4809
MONITOR,MONITOR_neg_0.5,-0.5,0.0032679738562091,4810
MONITOR,MONITOR_neg_1.0,-1.0,0.0252100840336134,1801
MONITOR,MONITOR_neg_1.0,-1.0,0.0,1802
MONITOR,MONITOR_neg_1.0,-1.0,0.0398230088495575,1803
MONITOR,MONITOR_neg_1.0,-1.0,0.0,1804
MONITOR,MONITOR_neg_1.0,-1.0,0.1071428571428571,1805
MONITOR,MONITOR_neg_1.0,-1.0,0.0114942528735632,1806
MONITOR,MONITOR_neg_1.0,-1.0,0.074074074074074,1807
MONITOR,MONITOR_neg_1.0,-1.0,0.032258064516129,1808
MONITOR,MONITOR_neg_1.0,-1.0,0.0588235294117647,1809
MONITOR,MONITOR_neg_1.0,-1.0,0.0,1810
MONITOR,MONITOR_neg_1.0,-1.0,0.0072992700729927,2801
MONITOR,MONITOR_neg_1.0,-1.0,0.0,2802
MONITOR,MONITOR_neg_1.0,-1.0,0.025,2803
MONITOR,MONITOR_neg_1.0,-1.0,0.0271317829457364,2804
MONITOR,MONITOR_neg_1.0,-1.0,0.0040485829959514,2805
MONITOR,MONITOR_neg_1.0,-1.0,0.0,2806
MONITOR,MONITOR_neg_1.0,-1.0,0.0,2807
MONITOR,MONITOR_neg_1.0,-1.0,0.0,2808
MONITOR,MONITOR_neg_1.0,-1.0,0.0,2809
MONITOR,MONITOR_neg_1.0,-1.0,0.002680965147453,2810
MONITOR,MONITOR_neg_1.0,-1.0,0.0185185185185185,3801
MONITOR,MONITOR_neg_1.0,-1.0,0.0198019801980198,3802
MONITOR,MONITOR_neg_1.0,-1.0,0.0,3803
MONITOR,MONITOR_neg_1.0,-1.0,0.0235294117647058,3804
MONITOR,MONITOR_neg_1.0,-1.0,0.0,3805
MONITOR,MONITOR_neg_1.0,-1.0,0.0175438596491228,3806
MONITOR,MONITOR_neg_1.0,-1.0,0.018450184501845,3807
MONITOR,MONITOR_neg_1.0,-1.0,0.0681818181818181,3808
MONITOR,MONITOR_neg_1.0,-1.0,0.0111524163568773,3809
MONITOR,MONITOR_neg_1.0,-1.0,0.0,3810
MONITOR,MONITOR_neg_1.0,-1.0,0.017910447761194,4801
MONITOR,MONITOR_neg_1.0,-1.0,0.0,4802
MONITOR,MONITOR_neg_1.0,-1.0,0.1384615384615384,4803
MONITOR,MONITOR_neg_1.0,-1.0,0.0110192837465564,4804
MONITOR,MONITOR_neg_1.0,-1.0,0.003030303030303,4805
MONITOR,MONITOR_neg_1.0,-1.0,0.0288461538461538,4806
MONITOR,MONITOR_neg_1.0,-1.0,0.0,4807
MONITOR,MONITOR_neg_1.0,-1.0,0.029090909090909,4808
MONITOR,MONITOR_neg_1.0,-1.0,0.0375,4809
MONITOR,MONITOR_neg_1.0,-1.0,0.015625,4810
PLAN,baseline,0.0,0.0227272727272727,1801
PLAN,baseline,0.0,0.0149253731343283,1802
PLAN,baseline,0.0,0.0471698113207547,1803
PLAN,baseline,0.0,0.05,1804
PLAN,baseline,0.0,0.0350318471337579,1805
PLAN,baseline,0.0,0.0282131661442006,1806
PLAN,baseline,0.0,0.0625,1807
PLAN,baseline,0.0,0.0126582278481012,1808
PLAN,baseline,0.0,0.0170212765957446,1809
PLAN,baseline,0.0,0.05,1810
PLAN,baseline,0.0,0.0150602409638554,2801
PLAN,baseline,0.0,0.0483870967741935,2802
PLAN,baseline,0.0,0.0204081632653061,2803
PLAN,baseline,0.0,0.0263157894736842,2804
PLAN,baseline,0.0,0.102803738317757,2805
PLAN,baseline,0.0,0.0259259259259259,2806
PLAN,baseline,0.0,0.0588235294117647,2807
PLAN,baseline,0.0,0.032051282051282,2808
PLAN,baseline,0.0,0.0204678362573099,2809
PLAN,baseline,0.0,0.0606060606060606,2810
PLAN,baseline,0.0,0.0497925311203319,3801
PLAN,baseline,0.0,0.0461538461538461,3802
PLAN,baseline,0.0,0.0305343511450381,3803
PLAN,baseline,0.0,0.0474308300395256,3804
PLAN,baseline,0.0,0.074074074074074,3805
PLAN,baseline,0.0,0.0336134453781512,3806
PLAN,baseline,0.0,0.0595238095238095,3807
PLAN,baseline,0.0,0.0434782608695652,3808
PLAN,baseline,0.0,0.0784313725490196,3809
PLAN,baseline,0.0,0.052863436123348,3810
PLAN,baseline,0.0,0.048076923076923,4801
PLAN,baseline,0.0,0.0333333333333333,4802
PLAN,baseline,0.0,0.0277777777777777,4803
PLAN,baseline,0.0,0.08130081300813,4804
PLAN,baseline,0.0,0.019047619047619,4805
PLAN,baseline,0.0,0.037037037037037,4806
PLAN,baseline,0.0,0.0348258706467661,4807
PLAN,baseline,0.0,0.0231884057971014,4808
PLAN,baseline,0.0,0.0440528634361233,4809
PLAN,baseline,0.0,0.0448717948717948,4810
PLAN,PLAN_pos_0.5,0.5,0.0571428571428571,1801
PLAN,PLAN_pos_0.5,0.5,0.0760869565217391,1802
PLAN,PLAN_pos_0.5,0.5,0.081081081081081,1803
PLAN,PLAN_pos_0.5,0.5,0.2,1804
PLAN,PLAN_pos_0.5,0.5,0.1414141414141414,1805
PLAN,PLAN_pos_0.5,0.5,0.0539419087136929,1806
PLAN,PLAN_pos_0.5,0.5,0.0666666666666666,1807
PLAN,PLAN_pos_0.5,0.5,0.0217391304347826,1808
PLAN,PLAN_pos_0.5,0.5,0.0334448160535117,1809
PLAN,PLAN_pos_0.5,0.5,0.0163265306122449,1810
PLAN,PLAN_pos_0.5,0.5,0.1142857142857142,2801
PLAN,PLAN_pos_0.5,0.5,0.0566666666666666,2802
PLAN,PLAN_pos_0.5,0.5,0.0649350649350649,2803
PLAN,PLAN_pos_0.5,0.5,0.0596330275229357,2804
PLAN,PLAN_pos_0.5,0.5,0.0754716981132075,2805
PLAN,PLAN_pos_0.5,0.5,0.0675675675675675,2806
PLAN,PLAN_pos_0.5,0.5,0.0459770114942528,2807
PLAN,PLAN_pos_0.5,0.5,0.0284697508896797,2808
PLAN,PLAN_pos_0.5,0.5,0.014388489208633,2809
PLAN,PLAN_pos_0.5,0.5,0.0448430493273542,2810
PLAN,PLAN_pos_0.5,0.5,0.0327272727272727,3801
PLAN,PLAN_pos_0.5,0.5,0.1124260355029585,3802
PLAN,PLAN_pos_0.5,0.5,0.0494186046511627,3803
PLAN,PLAN_pos_0.5,0.5,0.0350877192982456,3804
PLAN,PLAN_pos_0.5,0.5,0.0410094637223974,3805
PLAN,PLAN_pos_0.5,0.5,0.0287539936102236,3806
PLAN,PLAN_pos_0.5,0.5,0.0328947368421052,3807
PLAN,PLAN_pos_0.5,0.5,0.0125786163522012,3808
PLAN,PLAN_pos_0.5,0.5,0.0594405594405594,3809
PLAN,PLAN_pos_0.5,0.5,0.0331491712707182,3810
PLAN,PLAN_pos_0.5,0.5,0.0225563909774436,4801
PLAN,PLAN_pos_0.5,0.5,0.0204081632653061,4802
PLAN,PLAN_pos_0.5,0.5,0.1293103448275862,4803
PLAN,PLAN_pos_0.5,0.5,0.0299625468164794,4804
PLAN,PLAN_pos_0.5,0.5,0.0498084291187739,4805
PLAN,PLAN_pos_0.5,0.5,0.3127962085308057,4806
PLAN,PLAN_pos_0.5,0.5,0.0229885057471264,4807
PLAN,PLAN_pos_0.5,0.5,0.0581395348837209,4808
PLAN,PLAN_pos_0.5,0.5,0.0630252100840336,4809
PLAN,PLAN_pos_0.5,0.5,0.032520325203252,4810
PLAN,PLAN_pos_1.0,1.0,0.0423076923076923,1801
PLAN,PLAN_pos_1.0,1.0,0.0860655737704918,1802
PLAN,PLAN_pos_1.0,1.0,0.027027027027027,1803
PLAN,PLAN_pos_1.0,1.0,0.056910569105691,1804
PLAN,PLAN_pos_1.0,1.0,0.0089285714285714,1805
PLAN,PLAN_pos_1.0,1.0,0.0394736842105263,1806
PLAN,PLAN_pos_1.0,1.0,0.0105633802816901,1807
PLAN,PLAN_pos_1.0,1.0,0.0264550264550264,1808
PLAN,PLAN_pos_1.0,1.0,0.0566037735849056,1809
PLAN,PLAN_pos_1.0,1.0,0.1489361702127659,1810
PLAN,PLAN_pos_1.0,1.0,0.0705882352941176,2801
PLAN,PLAN_pos_1.0,1.0,0.0655172413793103,2802
PLAN,PLAN_pos_1.0,1.0,0.0782608695652174,2803
PLAN,PLAN_pos_1.0,1.0,0.0614035087719298,2804
PLAN,PLAN_pos_1.0,1.0,0.0408921933085501,2805
PLAN,PLAN_pos_1.0,1.0,0.0147058823529411,2806
PLAN,PLAN_pos_1.0,1.0,0.0785123966942148,2807
PLAN,PLAN_pos_1.0,1.0,0.0377358490566037,2808
PLAN,PLAN_pos_1.0,1.0,0.0125,2809
PLAN,PLAN_pos_1.0,1.0,0.0610328638497652,2810
PLAN,PLAN_pos_1.0,1.0,0.075,3801
PLAN,PLAN_pos_1.0,1.0,0.065040650406504,3802
PLAN,PLAN_pos_1.0,1.0,0.0253164556962025,3803
PLAN,PLAN_pos_1.0,1.0,0.0564102564102564,3804
PLAN,PLAN_pos_1.0,1.0,0.0772200772200772,3805
PLAN,PLAN_pos_1.0,1.0,0.0538116591928251,3806
PLAN,PLAN_pos_1.0,1.0,0.024390243902439,3807
PLAN,PLAN_pos_1.0,1.0,0.0617283950617283,3808
PLAN,PLAN_pos_1.0,1.0,0.0212765957446808,3809
PLAN,PLAN_pos_1.0,1.0,0.0294117647058823,3810
PLAN,PLAN_pos_1.0,1.0,0.01953125,4801
PLAN,PLAN_pos_1.0,1.0,0.0749185667752443,4802
PLAN,PLAN_pos_1.0,1.0,0.0355555555555555,4803
PLAN,PLAN_pos_1.0,1.0,0.072463768115942,4804
PLAN,PLAN_pos_1.0,1.0,0.056,4805
PLAN,PLAN_pos_1.0,1.0,0.0206896551724137,4806
PLAN,PLAN_pos_1.0,1.0,0.0909090909090909,4807
PLAN,PLAN_pos_1.0,1.0,0.0331125827814569,4808
PLAN,PLAN_pos_1.0,1.0,0.0625,4809
PLAN,PLAN_pos_1.0,1.0,0.0465116279069767,4810
PLAN,PLAN_neg_0.5,-0.5,0.0845070422535211,1801
PLAN,PLAN_neg_0.5,-0.5,0.0279503105590062,1802
PLAN,PLAN_neg_0.5,-0.5,0.0428571428571428,1803
PLAN,PLAN_neg_0.5,-0.5,0.0735294117647058,1804
PLAN,PLAN_neg_0.5,-0.5,0.0368098159509202,1805
PLAN,PLAN_neg_0.5,-0.5,0.057471264367816,1806
PLAN,PLAN_neg_0.5,-0.5,0.0476190476190476,1807
PLAN,PLAN_neg_0.5,-0.5,0.019108280254777,1808
PLAN,PLAN_neg_0.5,-0.5,0.0321543408360128,1809
PLAN,PLAN_neg_0.5,-0.5,0.0451127819548872,1810
PLAN,PLAN_neg_0.5,-0.5,0.0231213872832369,2801
PLAN,PLAN_neg_0.5,-0.5,0.1402714932126696,2802
PLAN,PLAN_neg_0.5,-0.5,0.0441176470588235,2803
PLAN,PLAN_neg_0.5,-0.5,0.1016260162601626,2804
PLAN,PLAN_neg_0.5,-0.5,0.08,2805
PLAN,PLAN_neg_0.5,-0.5,0.0756302521008403,2806
PLAN,PLAN_neg_0.5,-0.5,0.0522875816993464,2807
PLAN,PLAN_neg_0.5,-0.5,0.0652818991097922,2808
PLAN,PLAN_neg_0.5,-0.5,0.087378640776699,2809
PLAN,PLAN_neg_0.5,-0.5,0.1125,2810
PLAN,PLAN_neg_0.5,-0.5,0.0492753623188405,3801
PLAN,PLAN_neg_0.5,-0.5,0.0532915360501567,3802
PLAN,PLAN_neg_0.5,-0.5,0.05,3803
PLAN,PLAN_neg_0.5,-0.5,0.064516129032258,3804
PLAN,PLAN_neg_0.5,-0.5,0.0311526479750778,3805
PLAN,PLAN_neg_0.5,-0.5,0.0238095238095238,3806
PLAN,PLAN_neg_0.5,-0.5,0.0204081632653061,3807
PLAN,PLAN_neg_0.5,-0.5,0.0327102803738317,3808
PLAN,PLAN_neg_0.5,-0.5,0.0220994475138121,3809
PLAN,PLAN_neg_0.5,-0.5,0.0181268882175226,3810
PLAN,PLAN_neg_0.5,-0.5,0.0441176470588235,4801
PLAN,PLAN_neg_0.5,-0.5,0.0330578512396694,4802
PLAN,PLAN_neg_0.5,-0.5,0.0214592274678111,4803
PLAN,PLAN_neg_0.5,-0.5,0.050632911392405,4804
PLAN,PLAN_neg_0.5,-0.5,0.037037037037037,4805
PLAN,PLAN_neg_0.5,-0.5,0.1458333333333333,4806
PLAN,PLAN_neg_0.5,-0.5,0.0265151515151515,4807
PLAN,PLAN_neg_0.5,-0.5,0.0495626822157434,4808
PLAN,PLAN_neg_0.5,-0.5,0.009009009009009,4809
PLAN,PLAN_neg_0.5,-0.5,0.0446428571428571,4810
PLAN,PLAN_neg_1.0,-1.0,0.0408163265306122,1801
PLAN,PLAN_neg_1.0,-1.0,0.062200956937799,1802
PLAN,PLAN_neg_1.0,-1.0,0.02,1803
PLAN,PLAN_neg_1.0,-1.0,0.1052631578947368,1804
PLAN,PLAN_neg_1.0,-1.0,0.00625,1805
PLAN,PLAN_neg_1.0,-1.0,0.0602409638554216,1806
PLAN,PLAN_neg_1.0,-1.0,0.0252808988764044,1807
PLAN,PLAN_neg_1.0,-1.0,0.0463917525773195,1808
PLAN,PLAN_neg_1.0,-1.0,0.039039039039039,1809
PLAN,PLAN_neg_1.0,-1.0,0.0662251655629139,1810
PLAN,PLAN_neg_1.0,-1.0,0.018018018018018,2801
PLAN,PLAN_neg_1.0,-1.0,0.0387096774193548,2802
PLAN,PLAN_neg_1.0,-1.0,0.0099009900990099,2803
PLAN,PLAN_neg_1.0,-1.0,0.0254777070063694,2804
PLAN,PLAN_neg_1.0,-1.0,0.0293159609120521,2805
PLAN,PLAN_neg_1.0,-1.0,0.0149253731343283,2806
PLAN,PLAN_neg_1.0,-1.0,0.0224719101123595,2807
PLAN,PLAN_neg_1.0,-1.0,0.0206896551724137,2808
PLAN,PLAN_neg_1.0,-1.0,0.0701754385964912,2809
PLAN,PLAN_neg_1.0,-1.0,0.0096463022508038,2810
PLAN,PLAN_neg_1.0,-1.0,0.031055900621118,3801
PLAN,PLAN_neg_1.0,-1.0,0.072289156626506,3802
PLAN,PLAN_neg_1.0,-1.0,0.075,3803
PLAN,PLAN_neg_1.0,-1.0,0.0150943396226415,3804
PLAN,PLAN_neg_1.0,-1.0,0.033434650455927,3805
PLAN,PLAN_neg_1.0,-1.0,0.0144927536231884,3806
PLAN,PLAN_neg_1.0,-1.0,0.0224719101123595,3807
PLAN,PLAN_neg_1.0,-1.0,0.0238095238095238,3808
PLAN,PLAN_neg_1.0,-1.0,0.0278884462151394,3809
PLAN,PLAN_neg_1.0,-1.0,0.0253968253968253,3810
PLAN,PLAN_neg_1.0,-1.0,0.0357142857142857,4801
PLAN,PLAN_neg_1.0,-1.0,0.037593984962406,4802
PLAN,PLAN_neg_1.0,-1.0,0.032258064516129,4803
PLAN,PLAN_neg_1.0,-1.0,0.0634328358208955,4804
PLAN,PLAN_neg_1.0,-1.0,0.0266666666666666,4805
PLAN,PLAN_neg_1.0,-1.0,0.0425531914893617,4806
PLAN,PLAN_neg_1.0,-1.0,0.0325732899022801,4807
PLAN,PLAN_neg_1.0,-1.0,0.0273224043715847,4808
PLAN,PLAN_neg_1.0,-1.0,0.051063829787234,4809
PLAN,PLAN_neg_1.0,-1.0,0.0454545454545454,4810
