,ORIENT,DESCRIBE,SYNTHESIZE,HYPO,TEST,JUDGE,PLAN,MONITOR,RULE
ORIENT,0.5982142857142857,0.017857142857142856,0.0,0.0,0.0,0.0,0.375,0.008928571428571428,0.0
DESCRIBE,0.0013192612137203166,0.7440633245382586,0.10026385224274406,0.022427440633245383,0.06992084432717678,0.002638522427440633,0.0395778364116095,0.01978891820580475,0.0
SYNTHESIZE,0.0,0.48598130841121495,0.17757009345794392,0.09345794392523364,0.11214953271028037,0.018691588785046728,0.06542056074766354,0.04672897196261682,0.0
HYPO,0.0,0.0041841004184100415,0.0008368200836820083,0.12887029288702928,0.7372384937238494,0.07531380753138076,0.03598326359832636,0.010878661087866108,0.0066945606694560665
TEST,0.0,0.004605400879212895,0.0008373456144023446,0.08331588863303328,0.741050868746075,0.14339543646640152,0.006280092108017585,0.019258949131253925,0.0012560184216035169
JUDGE,0.0,0.018404907975460124,0.0,0.6613496932515337,0.1460122699386503,0.04171779141104295,0.0785276073619632,0.0392638036809816,0.014723926380368098
PLAN,0.009554140127388535,0.267515923566879,0.012738853503184714,0.06687898089171974,0.37579617834394907,0.0,0.2484076433121019,0.01910828025477707,0.0
MONITOR,0.00546448087431694,0.07650273224043716,0.01639344262295082,0.31693989071038253,0.32786885245901637,0.03825136612021858,0.11475409836065574,0.10382513661202186,0.0
RULE,0.0,0.0,0.0,0.06666666666666667,0.26666666666666666,0.0,0.0,0.0,0.6666666666666666
